method,fold,config,seed,stage,status,fixed_epoch,train_cell_mae_pp,outer_cell_mae_pp,parameters,parameters_total,state_sha256,seconds,outer_minus_train_gap_pp,component_mean_abs_log,component_ablation_outer_cell_mae_pp
ridge_matched,0,1,0,outer_refit,ok,,0.8887260299824389,1.3180691644785245,,,1e8754a3762769be619820b81e1be6f796d727d08f5a4d8d04b50227dd2e41f9,0.008444958002655767,0.42934313449608563,,
extra_trees_matched,0,0,0,outer_refit,ok,,1.554630541686183e-14,0.5651095852426976,,,cea0cbd9f803e2aa95550890b56f2dde524157171b6289933b75fa456d26cad2,1.995064499991713,0.5651095852426821,,
extra_trees_matched,0,0,1,outer_refit,ok,,1.554630541686183e-14,0.5820777225280086,,,ed7e7a064a6d935bfce8ad3d277bb0af1ee28b8b0f0a5743d933cfc92e05ac43,2.124771041999338,0.5820777225279931,,
extra_trees_matched,0,0,2,outer_refit,ok,,1.554630541686183e-14,0.5619562063813086,,,c0fc3c4bd1877cd577fdfaa351f9f682fba8e8d8b5e75e950e965a5141155b6d,2.071449916998972,0.5619562063812931,,
conditional_kernel,0,0,0,outer_refit,ok,,0.2827548919386121,0.6227019593159026,,,e24f81ba34fd66d203d8ef9c72a16297e384403eac4e0d9e0b98733d1e244797,0.08076750001055188,0.33994706737729047,,
matched_mlp,0,0,0,outer_refit,ok,65.0,0.6313926940185601,0.7171222872027079,30049.0,30049.0,e755e153c999c6c11b0925732b32dea6b56a30ed07bb3f6f2ba783afe1aedc48,0.10427450000133831,0.08572959318414775,,
matched_mlp,0,0,1,outer_refit,ok,70.0,0.559758187574243,0.6838669815390179,30049.0,30049.0,90d8bb2081bd84b5bfc776ded8d35071253b29506aa051cdd9f399c3074609c6,0.1005959169997368,0.12410879396477492,,
matched_mlp,0,0,2,outer_refit,ok,75.0,0.5932247117346267,0.6915782177781308,30049.0,30049.0,c3cd9d296869c9b0739349053a6bbe6a1a958b6416015c69b725d1db117d6837,0.10721683398878668,0.09835350604350412,,
tabm_embedded,0,0,0,outer_refit,ok,65.0,0.5862019663884449,0.8820639466847765,222696.0,222696.0,a05a2548b1c974eaeb6134058dd1768889d96f8194d2a7b13e4cf50e371e5f8c,1.649060957992333,0.2958619802963316,,
tabm_embedded,0,0,1,outer_refit,ok,65.0,0.6145991570168788,0.8151981171478154,222696.0,222696.0,dcf9e4354b4148bc25f6f783b5fac3aeec8408f0d38d38244d3c13ff6869641a,1.6127657500037458,0.2005989601309366,,
tabm_embedded,0,0,2,outer_refit,ok,80.0,0.5605487249474256,0.8024316432701574,222696.0,222696.0,ee43992078195734c74cf8585e6a7856146130264ea27aa07d7860b27e0e0d6b,1.9848879580094945,0.2418829183227318,,
film_context,0,1,0,outer_refit,ok,285.0,0.3446245655184773,0.5992268902428738,10276.0,10276.0,ef13b4e5b758ff8d40f53499da502b3b640ad0d5a731c97d9b6e3a348fe6b1f8,1.0953960420010844,0.2546023247243965,,
film_context,0,1,1,outer_refit,ok,490.0,0.210424955212295,0.7227764245041828,10276.0,10276.0,0a31ec14cfb77be1f57dcd30568df7c9950634b8bb763aed07f2a4e130b3e7f3,1.4114845000003697,0.5123514692918878,,
film_context,0,1,2,outer_refit,ok,405.0,0.2608671645256377,0.6441004276910486,10276.0,10276.0,f9481bda5518039eaf4d82ef608e4b4be2b2a778545e815fcf1eb90c14dc446e,1.1465233339986298,0.3832332631654109,,
film_no_context,0,2,0,outer_refit,ok,375.0,0.31623854990443917,0.6643659308017879,3748.0,10276.0,06d3f7add30590f5b2765f5e5b1aa88f263dbbbca6034d86be3ef0023d1ba212,0.7966346250032075,0.3481273808973487,,
film_no_context,0,2,1,outer_refit,ok,45.0,0.9437801743264378,0.805026770532522,3748.0,10276.0,94625da77fc88e1b58d8b5406ebd056dfb389780122019443b12f42f100f81ec,0.10600479198910762,-0.13875340379391576,,
film_no_context,0,2,2,outer_refit,ok,165.0,0.424757834267903,0.6275746563052007,3748.0,10276.0,f3a390e8f2f865e3145e1e89adde988e72169cc9d57286d9df66353bbf73e0af,0.3586330409889342,0.20281682203729773,,
anchored_conditional,0,0,0,outer_refit,ok,500.0,0.554279668505015,0.9561453436630217,4096.0,4096.0,c04945426ca20e7acb1978c2b94f33206078a9d15148517ed8e2a2b8ec2684bf,1.193914791001589,0.40186567515800675,"{'linear': 0.06518048793077469, 'bilinear': 0.018216419965028763, 'nonlinear': 0.0157318115234375}","{'linear_only': 3.09028448502794, 'linear_plus_bilinear': 1.735610759180789, 'full': 0.9561453436630217}"
anchored_conditional,0,0,1,outer_refit,ok,500.0,0.5702187158200767,0.9274436326249551,4096.0,4096.0,7b1f929ad0c454e804544a5445c55667fa04d6aec7e6329bd325e03d0b11019b,1.0508413330098847,0.35722491680487845,"{'linear': 0.06513499468564987, 'bilinear': 0.025199519470334053, 'nonlinear': 0.019785454496741295}","{'linear_only': 3.016704079464273, 'linear_plus_bilinear': 1.5800289061372705, 'full': 0.9274436326249551}"
anchored_conditional,0,0,2,outer_refit,ok,370.0,0.6837761013990826,0.9771334957721559,4096.0,4096.0,93410710273b56d6d303210cb7f0eb558fb4aa2b9f24ead0512b68a1a66a7c53,0.7788171669963049,0.2933573943730733,"{'linear': 0.06783359497785568, 'bilinear': 0.019281554967164993, 'nonlinear': 0.014176229014992714}","{'linear_only': 3.245553334583575, 'linear_plus_bilinear': 1.691467567126709, 'full': 0.9771334957721559}"
ridge_matched,1,0,0,outer_refit,ok,,0.6702821416106691,1.8315413841020611,,,ef6e9ccdb2a61cfb0a20688d6cbd6606e75c96b1e456058f1e31e512b59b8cd2,0.008315583007060923,1.1612592424913921,,
extra_trees_matched,1,0,0,outer_refit,ok,,1.617865337130597e-14,0.6972769520429276,,,ab0cb1306af368d2ed6f362d62dcfb2195b44ecbd5b949ff8f8b11f3c47bfd27,2.456990874998155,0.6972769520429114,,
extra_trees_matched,1,0,1,outer_refit,ok,,1.617865337130597e-14,0.7089492385731457,,,04b9e26b76eebaddfd8240a4a79d783316cdd083bd806374d933c011365ed185,2.490593959009857,0.7089492385731295,,
extra_trees_matched,1,0,2,outer_refit,ok,,1.617865337130597e-14,0.680832453735191,,,f40a95bf5facb5707085475158294bf575ce89cc4fe183a2672ad8cc6993bc5e,2.519862374989316,0.6808324537351748,,
conditional_kernel,1,0,0,outer_refit,ok,,0.2675755710672502,1.7956936414609836,,,e39116694b86a51b2d89cb6cd641b622a595d635913fb7d9b99784f51cbc1b3d,0.0962739579990739,1.5281180703937334,,
matched_mlp,1,0,0,outer_refit,ok,435.0,0.25399490566519095,1.4578738933448439,30049.0,30049.0,3c83a98f6e243f339795b0ffdd0880aa90c146c98094b37d8577a3ab45b52932,0.5989627089875285,1.203878987679653,,
matched_mlp,1,0,1,outer_refit,ok,195.0,0.3317403775159076,1.2748249361120427,30049.0,30049.0,24d47cb72d8edcf5a9390408aebf7be7be97e6c1b44b0b2bf2519cb8a72873e8,0.27532741699542385,0.9430845585961352,,
matched_mlp,1,0,2,outer_refit,ok,345.0,0.29060516826889066,1.3029791369603996,30049.0,30049.0,37a22c5779a0ad94cd272c2d943da2c6746b6e021da8a1700380dd6bed64c885,0.472714083007304,1.012373968691509,,
tabm_embedded,1,0,0,outer_refit,ok,200.0,0.33075161196449154,0.8660448042160955,222696.0,222696.0,5e95ac69970d341243666a1e531b7b058676ce12ce0e9fda9c9e022908344882,5.418090874998597,0.535293192251604,,
tabm_embedded,1,0,1,outer_refit,ok,150.0,0.3833156484140916,0.9359787389696369,222696.0,222696.0,582b7e7f9009517920b034d88e7ea5a987e27ac4520c5f084fc4fd3e5e8e8c7e,4.024983791998238,0.5526630905555453,,
tabm_embedded,1,0,2,outer_refit,ok,180.0,0.3623049424591454,0.9335981168455031,222696.0,222696.0,0fd062aaa167f6149b9e297ea265f35603ef2843923d365298305fde744667c9,4.88912266700936,0.5712931743863576,,
film_context,1,0,0,outer_refit,ok,500.0,0.434585880957164,1.4815664816052505,10276.0,10276.0,5d3122320f35aa5456fd14ff699071412743aa0b2414fd95137e0dddcb711d42,1.6594835410069209,1.0469806006480864,,
film_context,1,0,1,outer_refit,ok,500.0,0.35553356987650886,1.6778958713476337,10276.0,10276.0,e3ac86345732313532b60f6270b059367fb8905134c76552e5168376269a8640,1.5245902909955475,1.322362301471125,,
film_context,1,0,2,outer_refit,ok,250.0,0.5440694669459677,1.7455309434678157,10276.0,10276.0,fa9a3fb46b5bffd00bbc465c13cea9f5428836d03f90a63723fa193d01a70b70,0.7621025830012513,1.2014614765218479,,
film_no_context,1,2,0,outer_refit,ok,355.0,0.34124795383428297,1.0732946524396505,3748.0,10276.0,98b7f91cb1c51d4b1f0ae03eb61580b84bfb2139cc3af060f13a7c43c30158ff,0.7602113749890123,0.7320466986053675,,
film_no_context,1,2,1,outer_refit,ok,90.0,0.5029590940666225,1.345128430168954,3748.0,10276.0,efbe68aceb36add98d043ede268c60bd7a6546b7a2fd62f5a8f645354fd457bf,0.20206758299900685,0.8421693361023314,,
film_no_context,1,2,2,outer_refit,ok,65.0,0.6104668631689881,1.331499629774529,3748.0,10276.0,b6a978ea328ca080cbfb800ed875d617bff0eb71af92bc5872bab0400dd934d7,0.14885291599784978,0.7210327666055408,,
anchored_conditional,1,2,0,outer_refit,ok,95.0,0.5515203526630293,2.1526390275683513,4096.0,4096.0,175765530498293f0ee3b89b5dd9eb239ed3cb7af6224818f5fb22ad93fa06a9,0.3613677499961341,1.601118674905322,"{'linear': 0.057812631130218506, 'bilinear': 0.010485144332051277, 'nonlinear': 0.01605609804391861}","{'linear_only': 2.5481416560036525, 'linear_plus_bilinear': 2.769205494410514, 'full': 2.1526390275683513}"
anchored_conditional,1,2,1,outer_refit,ok,475.0,0.23439765101165622,1.7785360644978354,4096.0,4096.0,3406ccc7f6aab8ca166e5f76e03f48ee2e0dcc7f9e103dfaec4f082aeaf943f9,1.0390767080098158,1.5441384134861793,"{'linear': 0.05535563454031944, 'bilinear': 0.022578207775950432, 'nonlinear': 0.028933867812156677}","{'linear_only': 2.258254364805545, 'linear_plus_bilinear': 3.188303724538826, 'full': 1.7785360644978354}"
anchored_conditional,1,2,2,outer_refit,ok,130.0,0.4156165341188121,1.834003220297329,4096.0,4096.0,9cc9f3f35f75d2b8d3a01a7af00e09a327e2d06ed5e92d759af9c7910be4d9f6,0.28105791700363625,1.418386686178517,"{'linear': 0.05448528379201889, 'bilinear': 0.01534110028296709, 'nonlinear': 0.020219583064317703}","{'linear_only': 2.570248803634837, 'linear_plus_bilinear': 2.7658736741027066, 'full': 1.834003220297329}"
ridge_matched,2,1,0,outer_refit,ok,,0.9115615996317478,1.1046697447547325,,,3145787c174d93720b374fb05bf0d93326353667dae8e5b52a201085fd77a6bc,0.007731249992502853,0.1931081451229847,,
extra_trees_matched,2,1,0,outer_refit,ok,,0.07295538652926406,0.7139689329762373,,,a5bacbc094df3cf3cfdbb307c116a6ff155e07e909d64b71ed6a0b56376ddec9,1.2676657919946592,0.6410135464469733,,
extra_trees_matched,2,1,1,outer_refit,ok,,0.07291138706422158,0.7043796092945346,,,6ea27cda1c6c39bd3f5415703e895e2ca22088a21cb7149446294c2f38a69da9,1.2734276669943938,0.631468222230313,,
extra_trees_matched,2,1,2,outer_refit,ok,,0.07354370166182708,0.7173995954316529,,,51779b904ab874f7fa0687d3d6902d5130a97522410c496914dc2f5b48c299cd,1.2465836250048596,0.6438558937698258,,
conditional_kernel,2,2,0,outer_refit,ok,,0.36684040798569223,0.9475716693207329,,,4dd08f1cb882c8834961e758870d15d3d2667e2b042c305c43a7070df88cb1f8,0.0732210410060361,0.5807312613350406,,
matched_mlp,2,1,0,outer_refit,ok,100.0,0.4078034099255966,0.7126469147430938,30049.0,30049.0,e54a7e5b4b06e722f94367a84174a35e7122dc259a7a1b5cdea7ca4279185e88,0.14371845799905714,0.3048435048174972,,
matched_mlp,2,1,1,outer_refit,ok,20.0,1.0354099223531132,1.053461025859356,30049.0,30049.0,da43660246d00323a6c5afbbf99b40bb6c895b36257ab2a182b7aaa8b9e13b93,0.03428108399384655,0.018051103506242727,,
matched_mlp,2,1,2,outer_refit,ok,175.0,0.3185852462054095,0.6461309470000134,30049.0,30049.0,b677815ad345f81bb62d5d90c3613ccea85e4686a15add6c869814101558ad46,0.23447391600348055,0.3275457007946039,,
tabm_embedded,2,2,0,outer_refit,ok,15.0,0.9447220982162018,1.008492843092243,222696.0,222696.0,f158603442103d6b7e464aab76fff3d58696227e35ece63f6f8ecbe6be509531,0.46846841598744504,0.06377074487604129,,
tabm_embedded,2,2,1,outer_refit,ok,270.0,0.23530910039747283,0.608367545085253,222696.0,222696.0,74b85850cf106cff3b30dda8a44854e00c122729479eb469b8fad9de228c3525,7.738361416995758,0.3730584446877802,,
tabm_embedded,2,2,2,outer_refit,ok,295.0,0.24958974437657047,0.5858044390075388,222696.0,222696.0,72c97245a252392166a83d9f08a0378ce2549420b429dc2d86ce31507255f3ce,8.746051291993354,0.3362146946309683,,
film_context,2,2,0,outer_refit,ok,30.0,0.9763647805518969,1.173906946024014,10276.0,10276.0,bfcf77e0b74692864f752cccba3b584f9cee0e053e761a610ec2fca7c332999a,0.307613584009232,0.197542165472117,,
film_context,2,2,1,outer_refit,ok,90.0,0.42358166712558576,0.8890396658473327,10276.0,10276.0,4480e1ab5f75cd6fddf5330f18e22ada2007cb31b466e116edeba1c2140f0aa9,0.37998537499515805,0.465457998721747,,
film_context,2,2,2,outer_refit,ok,25.0,1.174363851192006,1.2466667642162477,10276.0,10276.0,504fc156d16cc0bd771bec47f5a8581e23feecb5a6070128093c2a7fb5d8a5df,0.08220229200378526,0.07230291302424163,,
film_no_context,2,2,0,outer_refit,ok,30.0,1.1810229775205987,1.3385062287583493,3748.0,10276.0,924aabba8ad9e0582d126c680980733eaafe4cb85bd56f8e2992f0457c7df31c,0.08030637499177828,0.15748325123775064,,
film_no_context,2,2,1,outer_refit,ok,25.0,1.2783611893596512,1.29845120578153,3748.0,10276.0,092602375de00043b15657fea6aeda73e7ebcb085057c74effe5f0d14fa74030,0.057677499993587844,0.02009001642187891,,
film_no_context,2,2,2,outer_refit,ok,35.0,1.065650860141134,1.154412644224661,3748.0,10276.0,e0cf59f68ee50acb6726490bd8adb39923f9e90255793591816e048c621fa49d,0.07526695900014602,0.08876178408352686,,
anchored_conditional,2,1,0,outer_refit,ok,60.0,1.0801126393418365,1.2119897985790993,4096.0,4096.0,571d692200da67f674fcc3e160e74addc4a83feb83748137c3ef2801673aa0f1,0.13771225001255516,0.13187715923726273,"{'linear': 0.05357665196061134, 'bilinear': 0.01952236518263817, 'nonlinear': 0.006976235192269087}","{'linear_only': 3.130442972544682, 'linear_plus_bilinear': 1.436299271615864, 'full': 1.2119897985790993}"
anchored_conditional,2,1,1,outer_refit,ok,195.0,0.524958848210802,0.9363767489878263,4096.0,4096.0,031f5099eb7362133c4769069b72cf3c8105f241d220f2193d61c48cee3bac37,0.3829521250008838,0.41141790077702434,"{'linear': 0.06103156507015228, 'bilinear': 0.01902862824499607, 'nonlinear': 0.017242837697267532}","{'linear_only': 2.722277599062861, 'linear_plus_bilinear': 1.4073187205908155, 'full': 0.9363767489878263}"
anchored_conditional,2,1,2,outer_refit,ok,65.0,1.070305692371424,1.1905759684800488,4096.0,4096.0,5d6347686a75766909ff7ca80982f40115e65776a30070ef1ab3f8ccc55e64a0,0.13313366699730977,0.12027027610862473,"{'linear': 0.05712725222110748, 'bilinear': 0.02081514708697796, 'nonlinear': 0.006122956518083811}","{'linear_only': 3.1801553819054362, 'linear_plus_bilinear': 1.4673130878037473, 'full': 1.1905759684800488}"
