model,config,fold,seed,status,elapsed_s,cell_mae_pp,cell_rmse_pp,pooled_mae_pp,pooled_rmse_pp,best_epoch,parameters
ridge,0,0,0,ok,0.014455795288085938,1.3453282840713996,1.5326062206958304,1.2200279517319794,1.4965445637874064,,
ridge,1,0,0,ok,0.0075740814208984375,1.3180703202398945,1.5802047611809553,1.2069315260931799,1.4834647411491129,,
ridge,2,0,0,ok,0.0074710845947265625,1.5816198739848413,1.8845846668190647,1.4210743035704214,1.72574403449185,,
difference_ridge,0,0,0,ok,0.002293109893798828,1.1240591473841144,1.4496896865276365,1.0581537396963618,1.4110975380393016,,
difference_ridge,1,0,0,ok,0.0022139549255371094,1.2930741138423318,1.6416525564074314,1.1219089280421133,1.5048364884851362,,
difference_ridge,2,0,0,ok,0.0019571781158447266,1.6181950417381936,1.9206597311125393,1.2943399153524848,1.6583804791426788,,
extra_trees,0,0,0,ok,2.023195266723633,0.5651095852426976,0.6618342597549235,0.6014640329269788,0.7157876939394276,,
extra_trees,0,0,1,ok,2.1099257469177246,0.5820777225280086,0.6778476613530897,0.6085447919128685,0.7265757250123691,,
extra_trees,0,0,2,ok,2.1491289138793945,0.5619562063813087,0.6504944596780341,0.59890030762626,0.7144237814770781,,
extra_trees,1,0,0,ok,1.2130939960479736,0.595013094207449,0.6838625165486076,0.629054427520076,0.7495664513343997,,
extra_trees,1,0,1,ok,1.302156925201416,0.5807043270690537,0.6752023397296626,0.6081887525530308,0.7283755117973306,,
extra_trees,1,0,2,ok,1.2037639617919922,0.5767694502399061,0.6639751789706356,0.6060844520190223,0.7275331918342436,,
extra_trees,2,0,0,ok,0.8568029403686523,0.580610186951571,0.6857573371884121,0.6089729571383347,0.7262490767498461,,
extra_trees,2,0,1,ok,0.8485159873962402,0.6176629940317611,0.7118144561900157,0.6520818437902343,0.7613947100057654,,
extra_trees,2,0,2,ok,0.8372001647949219,0.602209254722623,0.7023824295297921,0.6307790463144409,0.7439550368730815,,
catboost,0,0,0,ok,1.6982059478759766,0.7392293228554045,0.8503033459709721,0.7908654121332878,0.9344010091227821,,
catboost,0,0,1,ok,0.472445011138916,0.6733325172446415,0.8121602718484756,0.7170431421250536,0.8693022492999567,,
catboost,0,0,2,ok,0.4722108840942383,0.6863695708412075,0.8253631902711158,0.7053810703402404,0.8674271872698645,,
catboost,1,0,0,ok,1.140362024307251,0.633323162396727,0.7538888315031611,0.6789608564932736,0.8538786469924802,,
catboost,1,0,1,ok,1.302415132522583,0.6622045789690292,0.7670133600215754,0.7042625117045435,0.883394941036598,,
catboost,1,0,2,ok,1.2634410858154297,0.7001659716084385,0.8202350601620907,0.7145619426599732,0.8594238648474167,,
catboost,2,0,0,ok,3.4785380363464355,0.6927014065914863,0.8176682306394246,0.7045936472785398,0.8633790238968572,,
catboost,2,0,1,ok,3.585744857788086,0.6051574621940154,0.7029601926729198,0.629541375394344,0.7366604221757401,,
catboost,2,0,2,ok,3.6958110332489014,0.6463278820285784,0.7739946811957801,0.6337597111935623,0.7815012760755714,,
svr,0,0,0,ok,0.1173708438873291,0.5447708251819041,0.6712076359483021,0.5814499824116877,0.7253015863064803,,
svr,1,0,0,ok,0.11939096450805664,0.5482685329602435,0.6252296553524782,0.5051781592471859,0.6112929858681131,,
svr,2,0,0,ok,0.10632610321044922,1.1248755035363505,1.347054191387534,0.8638319205434175,1.1723788623429074,,
difference_kernel,0,0,0,ok,0.09033703804016113,0.7865538991397679,0.9090067576439498,0.7125923843623556,0.848624723046458,,
difference_kernel,1,0,0,ok,0.08235788345336914,0.5778850174441684,0.6877783524392355,0.5876422749871266,0.7164698481457232,,
difference_kernel,2,0,0,ok,0.08066415786743164,1.0555958181414324,1.2839874376156977,0.8064008947612461,1.114149682700586,,
kernel_no_prior,0,0,0,ok,0.08072018623352051,0.8003727536328207,0.9202074307832636,0.6939874708503588,0.8294685248159818,,
kernel_no_prior,1,0,0,ok,0.08132505416870117,0.6509914680267973,0.7550543045425399,0.5738172479750195,0.6943472102365827,,
kernel_no_prior,2,0,0,ok,0.08310079574584961,0.7325104674862499,0.9239196496815367,0.695799894413529,0.9066225024848369,,
current_mlp,0,0,0,ok,2.023483991622925,0.67321069163433,0.8712811552225685,0.7050078510685965,0.9594465920912179,500.0,16321.0
current_mlp,0,0,1,ok,0.7759621143341064,0.6433259432327318,0.8442799974018492,0.6785688998196259,0.9377298256483745,465.0,16321.0
current_mlp,0,0,2,ok,0.8068559169769287,0.6577830976905089,0.8424733969054817,0.6688721315370294,0.8929446060760547,500.0,16321.0
current_mlp,1,0,0,ok,0.5318338871002197,0.6483848918818058,0.8278901938610517,0.6650693653993323,0.9016042015794018,255.0,16321.0
current_mlp,1,0,1,ok,0.47737908363342285,0.6332753662899017,0.8016537637083179,0.6535860053998087,0.8701331759044963,260.0,16321.0
current_mlp,1,0,2,ok,0.5054988861083984,0.6523474856637062,0.8314719588242238,0.6727797885392454,0.8942864857279956,260.0,16321.0
current_mlp,2,0,0,ok,0.29407191276550293,0.6174755705371301,0.7783184179325691,0.6237152781118946,0.8309725737120409,130.0,16321.0
current_mlp,2,0,1,ok,0.3719441890716553,0.6126161130946927,0.7825477695806453,0.6096082387166979,0.8520172951932367,175.0,16321.0
current_mlp,2,0,2,ok,0.31703901290893555,0.6403281706671321,0.8176952496091748,0.6600346288233447,0.8636867886029362,135.0,16321.0
matched_mlp,0,0,0,ok,0.8091921806335449,0.47105407073313416,0.5655366857600731,0.4797399138186695,0.5877699768129422,365.0,30049.0
matched_mlp,0,0,1,ok,0.585561990737915,0.4866880698509503,0.585488082822563,0.5077961606387829,0.6221418067410317,290.0,30049.0
matched_mlp,0,0,2,ok,0.5575120449066162,0.5300642873136289,0.638604605243453,0.547374268295304,0.6643690562507187,265.0,30049.0
matched_mlp,1,0,0,ok,0.4687061309814453,0.48023616691076604,0.5810681097089534,0.49412328426227153,0.6031351055633275,210.0,30049.0
matched_mlp,1,0,1,ok,0.5666580200195312,0.4577043227795504,0.5621658471664868,0.4855128029056037,0.6089059344774284,225.0,30049.0
matched_mlp,1,0,2,ok,0.45491600036621094,0.48172621404769483,0.5758385006096477,0.49955106044927006,0.5979542787748552,215.0,30049.0
matched_mlp,2,0,0,ok,0.6262106895446777,0.42062810057043426,0.49527511769342375,0.44482621809217293,0.526712291412942,290.0,30049.0
matched_mlp,2,0,1,ok,0.46571898460388184,0.3979392274796574,0.49900122245585615,0.40661306320256596,0.5168583849378232,235.0,30049.0
matched_mlp,2,0,2,ok,0.5067768096923828,0.38621671789775064,0.47596025849571283,0.3895840562357146,0.5024675175048712,245.0,30049.0
potential_no_prior,0,0,0,ok,1.2069649696350098,0.7342031628178614,0.9251507473934286,0.7055925590294045,0.9046615253873544,270.0,16321.0
potential_no_prior,0,0,1,ok,0.8926370143890381,0.6507873115586923,0.779143043581741,0.6280640607903138,0.7767177949184226,450.0,16321.0
potential_no_prior,0,0,2,ok,0.8923220634460449,0.7010911365941898,0.8458955490407473,0.703082238923864,0.8790688209854206,445.0,16321.0
potential_no_prior,1,0,0,ok,0.258558988571167,0.7165236954578474,0.9061446655477944,0.6900177032338618,0.8934396750354974,90.0,16321.0
potential_no_prior,1,0,1,ok,0.5314419269561768,0.5732924426148659,0.6985062851467502,0.5319214063062968,0.6601410734717421,250.0,16321.0
potential_no_prior,1,0,2,ok,0.49767398834228516,0.5983842813400558,0.7325994568448012,0.5528532297464755,0.701606026619532,230.0,16321.0
potential_no_prior,2,0,0,ok,0.31072092056274414,0.5732962831356441,0.6917211241265943,0.5210264212697617,0.6528833611082083,125.0,16321.0
potential_no_prior,2,0,1,ok,0.6741530895233154,0.457847397693722,0.5412858231343736,0.41786077428778773,0.5407811462552246,330.0,16321.0
potential_no_prior,2,0,2,ok,0.44069790840148926,0.5234433630816528,0.6278052989797833,0.4640982225185863,0.580295129863816,210.0,16321.0
tabm,0,0,0,ok,3.297584295272827,0.5034969684711262,0.6194883086791237,0.499881292769086,0.6380765362403735,500.0,36088.0
tabm,0,0,1,ok,2.795083999633789,0.5316533046058997,0.643440317649903,0.5158478911382154,0.6473299394622751,495.0,36088.0
tabm,0,0,2,ok,3.0092010498046875,0.5545229217122524,0.6659791703014459,0.5058290589307038,0.6361298254478319,495.0,36088.0
tabm,1,0,0,ok,2.071146011352539,0.46543794142942746,0.5709206396702796,0.4667421124961006,0.5840555461394392,325.0,36088.0
tabm,1,0,1,ok,2.648909091949463,0.4490791596355382,0.5553271370829871,0.4651959980721415,0.575520736687615,445.0,36088.0
tabm,1,0,2,ok,2.018079996109009,0.512037666694141,0.628963691174571,0.47107932730642554,0.6045131158104162,295.0,36088.0
tabm,2,0,0,ok,2.007966995239258,0.3874917454055783,0.48401514492716435,0.3948225115724819,0.50788767199602,310.0,36088.0
tabm,2,0,1,ok,1.7282729148864746,0.4186764429869211,0.5283618906266355,0.44123875196312473,0.5656694933999383,265.0,36088.0
tabm,2,0,2,ok,1.6397099494934082,0.45808668026440635,0.5698373432326128,0.4534152847020936,0.582780859789636,250.0,36088.0
tabm_embedded,0,0,0,ok,4.445441007614136,0.7640681955514624,0.8831401220531573,0.8050764741130327,0.9681780493449244,95.0,222696.0
tabm_embedded,0,0,1,ok,4.3271989822387695,0.7759867948934768,0.8903807007821705,0.8294952543548383,0.9804830429756431,115.0,222696.0
tabm_embedded,0,0,2,ok,4.985013961791992,0.7548631897375088,0.8668964266790631,0.8201590421799095,0.9901805724081574,135.0,222696.0
tabm_embedded,1,0,0,ok,5.234788179397583,0.7749971938169508,0.8719863812210117,0.8433064760617024,1.0185750221489984,110.0,222696.0
tabm_embedded,1,0,1,ok,3.8415207862854004,0.7840404936242419,0.896931117349965,0.8331569876838354,1.0132997751546555,55.0,222696.0
tabm_embedded,1,0,2,ok,5.032285928726196,0.7499555284084164,0.8496437813022454,0.7930102657886652,0.979167766009188,100.0,222696.0
tabm_embedded,2,0,0,ok,8.999797105789185,0.7097617256217694,0.8024359019305735,0.7513320513494878,0.9067178081692677,230.0,222696.0
tabm_embedded,2,0,1,ok,2.6921730041503906,0.7576616330433036,0.9099707212725966,0.8109565042978277,1.0260372577231178,20.0,222696.0
tabm_embedded,2,0,2,ok,4.993703126907349,0.726540669867106,0.8289908638769588,0.7687032496705949,0.9784923871066882,105.0,222696.0
embedded_potential,0,0,0,ok,8.284595966339111,0.6096442577257442,0.755710802555753,0.6416291512798232,0.8384157972708159,155.0,83199.0
embedded_potential,0,0,1,ok,10.857852220535278,0.5891904755197499,0.6869614796681652,0.6304144405434998,0.8003747656073794,260.0,83199.0
embedded_potential,0,0,2,ok,7.560014963150024,0.5976229144652868,0.7270365169895407,0.6320073055410453,0.8014550199634719,180.0,83199.0
embedded_potential,1,0,0,ok,4.144876956939697,0.5809736934463728,0.7206643549107403,0.6131677204112241,0.7927490441861587,70.0,83199.0
embedded_potential,1,0,1,ok,6.400403738021851,0.5567112608768009,0.6471877330884095,0.6094610737863789,0.7920547307903859,155.0,83199.0
embedded_potential,1,0,2,ok,6.884136915206909,0.5544230408739889,0.6592508843074665,0.5784406125345187,0.7253726760416849,145.0,83199.0
embedded_potential,2,0,0,ok,6.669137954711914,0.5522628857974838,0.6576817128365909,0.5960781098257608,0.7608356496475152,145.0,83199.0
embedded_potential,2,0,1,ok,4.330034971237183,0.5629535814054715,0.7143063546566196,0.6118594114753477,0.8062811806917908,55.0,83199.0
embedded_potential,2,0,2,ok,4.201807022094727,0.49834525753591546,0.6309286071582006,0.5190236254892645,0.698483274699022,70.0,83199.0
ridge,0,1,0,ok,0.014922857284545898,1.831544272645777,2.071252271660207,1.8074055393210333,2.21235241286083,,
ridge,1,1,0,ok,0.012803792953491211,2.28951936959039,2.562476162780667,1.7960838825848264,2.2145469073895128,,
ridge,2,1,0,ok,0.010212898254394531,1.7228245003218403,2.2151868559514463,1.7996983051419901,2.3216082692512656,,
difference_ridge,0,1,0,ok,0.0036318302154541016,1.402752737834781,1.7182696390890861,1.485390323212277,1.9508067882525297,,
difference_ridge,1,1,0,ok,0.004057168960571289,1.617650709269392,2.0578735516451703,1.4454131002404602,2.054043877723327,,
difference_ridge,2,1,0,ok,0.003353118896484375,1.6847522195357332,2.229103045642917,1.417353684238928,2.158855725640328,,
extra_trees,0,1,0,ok,3.757784843444824,0.6972769520429275,0.871093277165583,0.7046728614728734,0.9949594690690142,,
extra_trees,0,1,1,ok,3.7450168132781982,0.7089492385731454,0.8841400363719017,0.7100812607296286,1.003497475372649,,
extra_trees,0,1,2,ok,3.9371492862701416,0.6808324537351912,0.856138909124724,0.6991435619730251,0.9872422755341185,,
extra_trees,1,1,0,ok,2.2297799587249756,0.724372537273774,0.9079225377165857,0.7413148618446849,1.0502588295900646,,
extra_trees,1,1,1,ok,2.5209848880767822,0.712071805271671,0.8892924267828329,0.7302644607117238,1.0329877591452576,,
extra_trees,1,1,2,ok,2.251300096511841,0.7213328916168317,0.9134829276558968,0.7285344979095222,1.0373878879709362,,
extra_trees,2,1,0,ok,1.3482730388641357,0.7615158423792069,0.9638370604842418,0.7747944938580099,1.0984649711872496,,
extra_trees,2,1,1,ok,1.5205209255218506,0.7579116402503411,0.9635164047771156,0.77576766348646,1.1076253625478922,,
extra_trees,2,1,2,ok,1.6197738647460938,0.7538886691301921,0.9620128327600944,0.7776822623686613,1.1084375564238647,,
catboost,0,1,0,ok,0.8115100860595703,1.0050063076361104,1.2220332682948163,1.026084208914403,1.3934800445685256,,
catboost,0,1,1,ok,0.7678210735321045,1.005472051266685,1.2246189743899245,0.9816177445921891,1.3143514898943423,,
catboost,0,1,2,ok,0.7763552665710449,1.0082992806475113,1.2361448782411912,0.9959013098176295,1.3617414572177386,,
catboost,1,1,0,ok,2.116166114807129,0.95590351337601,1.1611497237131794,0.9223459347355132,1.295771896925051,,
catboost,1,1,1,ok,2.0067989826202393,0.9851298249642739,1.1793580627472229,0.962808196653023,1.3164224823613129,,
catboost,1,1,2,ok,2.105513334274292,1.0389031120419092,1.2217486242446802,0.9827980231714705,1.3593476165679474,,
catboost,2,1,0,ok,5.922314167022705,1.0621083204124422,1.2910014123978366,1.010814166658733,1.393878748575048,,
catboost,2,1,1,ok,5.713747262954712,0.9935679288732239,1.1800238636272746,0.9180313737747383,1.2726212319722658,,
catboost,2,1,2,ok,5.726541757583618,1.0834767931627673,1.2927337450626026,0.9707034261522662,1.3594963905654294,,
svr,0,1,0,ok,0.16540980339050293,1.1912685333466573,1.3054885101191709,0.9931773520596485,1.283163124145846,,
svr,1,1,0,ok,0.15906405448913574,1.201889381837199,1.3704365552040503,0.9024085095128179,1.1699581371473051,,
svr,2,1,0,ok,0.12941694259643555,2.5789457454568687,2.967099431017487,1.3742331342714063,2.2570037860202374,,
difference_kernel,0,1,0,ok,0.11370015144348145,1.371976597044987,1.4942164136566924,1.1300878503503824,1.3373970761663923,,
difference_kernel,1,1,0,ok,0.09902596473693848,1.1280025686205712,1.244680318008587,0.9248012764485382,1.129481751481804,,
difference_kernel,2,1,0,ok,0.09726619720458984,2.4515111970261017,2.7388982741906767,1.6335828322921044,2.2836694597531135,,
kernel_no_prior,0,1,0,ok,0.09333682060241699,1.4407182359838762,1.5717949193328398,1.157630845438534,1.3802618353621967,,
kernel_no_prior,1,1,0,ok,0.09277796745300293,1.6104093562220834,1.722107986763253,1.0451657532836829,1.3462591751445308,,
kernel_no_prior,2,1,0,ok,0.09496212005615234,1.7914244787723608,2.0355444558734637,1.1160238430668228,1.6316184567972565,,
current_mlp,0,1,0,ok,0.7430250644683838,0.8194577208899824,0.9936187532547032,0.8377640503302503,1.1003747409422957,410.0,16321.0
current_mlp,0,1,1,ok,0.7400639057159424,0.8015575979242842,0.9754413891517283,0.828839165462292,1.1035010307221524,450.0,16321.0
current_mlp,0,1,2,ok,0.7522540092468262,0.7924804598388583,0.9628362071927622,0.8235227239700944,1.0840866662869675,495.0,16321.0
current_mlp,1,1,0,ok,0.3919990062713623,0.7618860866606026,0.9256469144355207,0.7696971656053656,0.9831701907263335,210.0,16321.0
current_mlp,1,1,1,ok,0.3762638568878174,0.8026000100004143,0.9905786731656403,0.83027764017637,1.103576145301764,200.0,16321.0
current_mlp,1,1,2,ok,0.47208499908447266,0.7483768764571114,0.9043953565321493,0.7714459431315894,1.0277149127311187,270.0,16321.0
current_mlp,2,1,0,ok,0.45415186882019043,0.742208395074071,0.902082179357034,0.8199351460393602,1.1340505337200386,270.0,16321.0
current_mlp,2,1,1,ok,0.3537271022796631,0.7773826180407967,0.9607232293893387,0.8115371128441629,1.0931917110607683,190.0,16321.0
current_mlp,2,1,2,ok,0.34000587463378906,0.758440254629006,0.9201910862863651,0.7845984650547341,1.0610950973788946,165.0,16321.0
matched_mlp,0,1,0,ok,0.29570603370666504,1.3645980169129253,1.5148397898923465,1.03876705437895,1.365050119734744,120.0,30049.0
matched_mlp,0,1,1,ok,0.30324816703796387,1.1692677286017756,1.3114927253229542,0.8993922396309922,1.1518313764932415,135.0,30049.0
matched_mlp,0,1,2,ok,0.23375296592712402,1.171952934380347,1.348493011973119,1.0786722730571898,1.4168054453957044,70.0,30049.0
matched_mlp,1,1,0,ok,0.32128405570983887,1.1461525962066559,1.2785127469674338,0.7463218430181994,1.0458179940472816,150.0,30049.0
matched_mlp,1,1,1,ok,0.17419791221618652,1.123232811107737,1.2959781433999333,0.9473490618656346,1.271796523686771,50.0,30049.0
matched_mlp,1,1,2,ok,0.14237594604492188,1.1030199289762128,1.2976003763659798,1.0531004434210798,1.4401446857129239,30.0,30049.0
matched_mlp,2,1,0,ok,0.14296722412109375,1.1152612142571032,1.278369901056409,1.0469695164513642,1.3533650010975045,30.0,30049.0
matched_mlp,2,1,1,ok,0.14631986618041992,1.0943633601774876,1.2686996399683632,1.0609775591953268,1.4414254525963481,30.0,30049.0
matched_mlp,2,1,2,ok,0.16894006729125977,1.034152001054514,1.1828820857396527,0.9522572901933385,1.2832817637676244,45.0,30049.0
potential_no_prior,0,1,0,ok,0.9802911281585693,1.2023388421042653,1.3598895537274647,1.089335283903873,1.391083181260314,320.0,16321.0
potential_no_prior,0,1,1,ok,1.0498690605163574,1.1402478268793599,1.2766011551719116,1.030636006095465,1.3094681852587915,370.0,16321.0
potential_no_prior,0,1,2,ok,0.46635007858276367,1.356231526507038,1.5624390686777427,1.2773684482655632,1.64487654166259,135.0,16321.0
potential_no_prior,1,1,0,ok,0.4448850154876709,1.1732771477732724,1.3349098692924313,1.0600693115122062,1.348987909612353,130.0,16321.0
potential_no_prior,1,1,1,ok,0.41935110092163086,1.1562506389186729,1.2920453143597947,1.0111572121396581,1.2859814800132048,160.0,16321.0
potential_no_prior,1,1,2,ok,0.3729069232940674,1.1830777197038935,1.3000315220827603,1.0673860813082543,1.344771889574511,145.0,16321.0
potential_no_prior,2,1,0,ok,0.21383094787597656,1.1781159377360098,1.3376974212131065,1.0293183080178516,1.3322627846079718,60.0,16321.0
potential_no_prior,2,1,1,ok,0.29062604904174805,1.1267274495118642,1.245264333774436,0.9498974547061331,1.1729331388631605,110.0,16321.0
potential_no_prior,2,1,2,ok,0.3613131046295166,1.0906005386540805,1.188392099510138,0.9571483687223087,1.174129219008393,155.0,16321.0
tabm,0,1,0,ok,1.1379988193511963,1.164376220116954,1.3394111404032323,1.0870527499379783,1.439678275273615,100.0,36088.0
tabm,0,1,1,ok,1.4150900840759277,1.3262625080332062,1.4736252869009576,1.1099761317547812,1.4486441864548407,105.0,36088.0
tabm,0,1,2,ok,1.2704367637634277,1.2150317703966864,1.3849775614259947,1.1150584284013894,1.4746605814478189,95.0,36088.0
tabm,1,1,0,ok,0.741703987121582,1.2668901494417966,1.456106717986181,1.1077122570046065,1.50401168094731,40.0,36088.0
tabm,1,1,1,ok,0.7660830020904541,1.3835593808103546,1.5593573408970889,1.1338231761583675,1.5115834596566287,40.0,36088.0
tabm,1,1,2,ok,0.7531981468200684,1.3058828052776579,1.499632960384032,1.114080423319782,1.5003767949094726,40.0,36088.0
tabm,2,1,0,ok,0.6491129398345947,1.149402519726074,1.3482333961234014,1.078719914864025,1.4896543092353478,25.0,36088.0
tabm,2,1,1,ok,0.6444270610809326,1.1904324764005987,1.375349869921859,1.0393210825002195,1.394484128804277,25.0,36088.0
tabm,2,1,2,ok,0.6413030624389648,1.1523856106184354,1.3578939606557645,1.088282131006888,1.459267793298167,25.0,36088.0
tabm_embedded,0,1,0,ok,19.069592714309692,0.7314678237625243,0.9251209825740575,0.6531696525881233,0.9657332168178949,460.0,222696.0
tabm_embedded,0,1,1,ok,12.91318392753601,0.8657602966555413,1.0420582466103487,0.7210063367965677,1.0147813028884476,295.0,222696.0
tabm_embedded,0,1,2,ok,9.147567987442017,0.9196674119814978,1.1043644661551655,0.7959995765191815,1.07154807364852,205.0,222696.0
tabm_embedded,1,1,0,ok,10.564082860946655,0.6929058796060804,0.8885023524373356,0.6037130276350858,0.9261650530739933,245.0,222696.0
tabm_embedded,1,1,1,ok,6.5297698974609375,0.9271663802163602,1.1169069037075798,0.7612000024092592,1.097935156928159,135.0,222696.0
tabm_embedded,1,1,2,ok,6.958554267883301,0.8785514564858709,1.0795303162857053,0.7105526200673644,1.0502797883893444,140.0,222696.0
tabm_embedded,2,1,0,ok,10.17470908164978,0.7547564335649395,0.9449501164135959,0.5962866559270763,0.9303512691936796,215.0,222696.0
tabm_embedded,2,1,1,ok,15.909518957138062,0.7675297443813279,0.9292635741377587,0.5409018174017476,0.8485541753031267,365.0,222696.0
tabm_embedded,2,1,2,ok,3.3473517894744873,0.8389832094568206,1.0908938966080204,0.9128173870405261,1.2626709664638747,30.0,222696.0
embedded_potential,0,1,0,ok,15.035251140594482,0.9816907062496374,1.0845484185506484,0.8081195112271089,0.9881131170544133,370.0,83199.0
embedded_potential,0,1,1,ok,16.101965188980103,0.8186211770075014,0.9147501889486586,0.5046656588321882,0.6985211315099059,480.0,83199.0
embedded_potential,0,1,2,ok,15.401888132095337,0.7907812492646985,0.8825150221679379,0.5392455936013578,0.7320152619624933,495.0,83199.0
embedded_potential,1,1,0,ok,8.277423858642578,0.9541171932451317,1.0637154192862919,0.76250332005301,0.9461067031524275,160.0,83199.0
embedded_potential,1,1,1,ok,10.937503099441528,0.9223960279584328,1.0219213723083282,0.6204833086899717,0.8103874621742592,230.0,83199.0
embedded_potential,1,1,2,ok,7.670450925827026,0.8090626853457827,0.9174041170511118,0.5374408902152351,0.7480716997238972,155.0,83199.0
embedded_potential,2,1,0,ok,7.109309911727905,0.894449391614145,1.0157567717844609,0.6313190697707416,0.8534633842892445,120.0,83199.0
embedded_potential,2,1,1,ok,6.723639011383057,0.874796931887205,0.9957248692156995,0.5263523761867421,0.7904747022553368,145.0,83199.0
embedded_potential,2,1,2,ok,7.915642023086548,0.8597661875613146,0.9916438007948067,0.5405909304947775,0.7974094585714181,180.0,83199.0
ridge,0,2,0,ok,0.010184049606323242,1.0833036483925462,1.3386034307665664,1.2596515419279857,1.602699177551817,,
ridge,1,2,0,ok,0.008624076843261719,1.1046658726131182,1.4589217246585182,1.0868564745606484,1.4033154067833955,,
ridge,2,2,0,ok,0.0077440738677978516,1.7598385346045191,2.2277087588029914,1.6725246783079846,2.056329658326192,,
difference_ridge,0,2,0,ok,0.0032629966735839844,1.6133178983669239,1.8721475903381257,1.403101512539503,1.7078513711927434,,
difference_ridge,1,2,0,ok,0.002341032028198242,1.7922258703709457,2.067329073766167,1.365250778947741,1.7226832953791373,,
difference_ridge,2,2,0,ok,0.0022492408752441406,1.8109100413886883,2.0980586153174605,1.3580462454933018,1.7281149124772144,,
extra_trees,0,2,0,ok,3.2375643253326416,0.7082377371404527,0.9392283483925332,0.7109812818987077,0.9478418619932101,,
extra_trees,0,2,1,ok,2.8882529735565186,0.6759373077187498,0.9234315962312987,0.6672603550613743,0.9155810967158384,,
extra_trees,0,2,2,ok,3.3012399673461914,0.7088684830605074,0.9445223224438898,0.7124446600212304,0.9543883498629778,,
extra_trees,1,2,0,ok,1.958838939666748,0.7139689329762374,0.9545475918194357,0.7107341054768885,0.9603080549281887,,
extra_trees,1,2,1,ok,1.8759198188781738,0.7043796092945345,0.9495086367088608,0.7036280692008244,0.949529313613299,,
extra_trees,1,2,2,ok,1.850200891494751,0.717399595431653,0.974580228977979,0.7109591719714099,0.9677799053712809,,
extra_trees,2,2,0,ok,1.3610758781433105,0.7477647081803803,1.0271127010839685,0.7265589340711393,0.9853051974966407,,
extra_trees,2,2,1,ok,1.2596988677978516,0.7576274114484578,1.047943913722501,0.7355229904886351,1.000938752783523,,
extra_trees,2,2,2,ok,1.3612091541290283,0.7531577561791053,1.041680327955142,0.7369466448513434,1.0104917583327333,,
catboost,0,2,0,ok,0.7526171207427979,0.7187532616191883,0.9523177651628836,0.6920495280198394,0.9175389289454444,,
catboost,0,2,1,ok,0.7050461769104004,0.7579678228031704,1.0015592343299642,0.7358654773669323,0.959821217948775,,
catboost,0,2,2,ok,0.7227761745452881,0.8070275612862718,1.02844817113659,0.8144696764661657,1.0158397314132102,,
catboost,1,2,0,ok,1.8116779327392578,0.7423738062742651,0.9802676378394692,0.7522530369364175,0.9982385252304327,,
catboost,1,2,1,ok,1.8172550201416016,0.7532372027552638,0.9900342104075204,0.7858990113253812,1.0382859748077735,,
catboost,1,2,2,ok,1.8752009868621826,0.7755896319861033,1.0204577963441517,0.7852995198134043,1.0193067477063071,,
catboost,2,2,0,ok,5.62800407409668,0.7540144999055192,1.0032961556435658,0.7734596728709778,1.0410117118303253,,
catboost,2,2,1,ok,5.961319923400879,0.7412528111986806,1.0060792164133998,0.7550697468861961,1.0324637623209003,,
catboost,2,2,2,ok,6.217132806777954,0.7944686283252387,1.0823941396958028,0.8228935002685857,1.1533579717363371,,
svr,0,2,0,ok,0.1950242519378662,0.7340865306531823,0.8708876844415141,0.8567359393190297,1.0583162111977216,,
svr,1,2,0,ok,0.15549612045288086,0.8477690912997626,1.004797387711674,1.03779288715051,1.3174861979991555,,
svr,2,2,0,ok,0.12972807884216309,1.2802640569112334,1.8061632743954212,1.415815903683672,2.0871260381816086,,
difference_kernel,0,2,0,ok,0.1011359691619873,0.8495187852959283,0.9998012677870962,0.8756345613517207,1.0240650326177514,,
difference_kernel,1,2,0,ok,0.09655094146728516,0.8104758847829261,0.947970066255075,0.8492159576326116,1.0328308350032545,,
difference_kernel,2,2,0,ok,0.08683490753173828,1.763002998722176,2.131717888905334,1.9494301186969367,2.671787294478525,,
kernel_no_prior,0,2,0,ok,0.09004402160644531,0.919334691556884,1.0668993747806046,0.8624816011049816,1.029383842725288,,
kernel_no_prior,1,2,0,ok,0.08274984359741211,0.8359910930118999,0.9741933398471179,0.6457348774061311,0.8396792261859749,,
kernel_no_prior,2,2,0,ok,0.08185696601867676,1.2094746491775041,1.4363920749184098,1.1780894358479324,1.5396089069668268,,
current_mlp,0,2,0,ok,0.7242429256439209,0.9676949587803483,1.1810122693229808,1.0654993193375952,1.3292486019359342,295.0,16321.0
current_mlp,0,2,1,ok,0.4395928382873535,1.0153049156085752,1.2410361522459716,1.1400455282997113,1.4148658085106491,225.0,16321.0
current_mlp,0,2,2,ok,0.4973750114440918,0.9587362321187259,1.1958865798434681,1.069293738417581,1.3600319220040389,260.0,16321.0
current_mlp,1,2,0,ok,0.31177210807800293,0.871851999912747,1.0688326018654786,0.9422878161694395,1.193891562786825,155.0,16321.0
current_mlp,1,2,1,ok,0.3810899257659912,0.8260915350895757,1.0002566512792783,0.9236503722038263,1.1855658273131884,205.0,16321.0
current_mlp,1,2,2,ok,0.25736308097839355,0.8416534281489343,1.0617122046031975,0.9226205171532739,1.211222310317495,110.0,16321.0
current_mlp,2,2,0,ok,0.21938610076904297,0.7869729693853458,0.982079117491403,0.8635803907955231,1.1323829649017971,85.0,16321.0
current_mlp,2,2,1,ok,0.2896411418914795,0.800629488288182,0.9705491891221791,0.8795053182282241,1.129504781638223,135.0,16321.0
current_mlp,2,2,2,ok,0.21036100387573242,0.77835508153337,0.9933136305191221,0.8579056259719654,1.174749568471741,80.0,16321.0
matched_mlp,0,2,0,ok,0.6467580795288086,0.6119367713839658,0.750539028570977,0.6637659023277497,0.8333840823013203,220.0,30049.0
matched_mlp,0,2,1,ok,0.5949609279632568,0.5831273496314424,0.7184523205206746,0.6272011507543073,0.7743730671575446,235.0,30049.0
matched_mlp,0,2,2,ok,0.6538970470428467,0.623481729720337,0.7644041819426779,0.6747031744431823,0.8457728538478526,215.0,30049.0
matched_mlp,1,2,0,ok,0.4874422550201416,0.5941492124555314,0.7282532390173303,0.648456372753571,0.8020557453060352,150.0,30049.0
matched_mlp,1,2,1,ok,0.30290722846984863,0.5739771524438182,0.7260823753020389,0.621402017973302,0.7800135357006097,110.0,30049.0
matched_mlp,1,2,2,ok,0.35518908500671387,0.6078988106068808,0.7470631360317805,0.6747977592415304,0.8224080233070783,155.0,30049.0
matched_mlp,2,2,0,ok,0.349376916885376,0.5788340391638838,0.6853434455109514,0.6773564748977284,0.8117333095540064,165.0,30049.0
matched_mlp,2,2,1,ok,0.31782031059265137,0.6156129541758502,0.729772854224585,0.6739429698907338,0.8132991870040573,150.0,30049.0
matched_mlp,2,2,2,ok,0.31110191345214844,0.5242169568314776,0.6354096943451978,0.5936825138822067,0.7281210129843607,150.0,30049.0
potential_no_prior,0,2,0,ok,0.9027557373046875,0.8476397358206635,1.0787228918539313,0.8347524681954481,1.1029178527972705,260.0,16321.0
potential_no_prior,0,2,1,ok,0.6598401069641113,0.8516102421191594,1.0795050082775037,0.8387558487840528,1.1052377172925694,285.0,16321.0
potential_no_prior,0,2,2,ok,0.6401448249816895,0.8814273852184092,1.1133943696314663,0.8541926857562677,1.123926239589002,265.0,16321.0
potential_no_prior,1,2,0,ok,0.36110687255859375,0.8590217209643981,1.0935951788954408,0.8375930581994767,1.0833470031144152,110.0,16321.0
potential_no_prior,1,2,1,ok,0.324293851852417,0.8704309486858344,1.0970409445512392,0.8567415467901296,1.1150123059786063,105.0,16321.0
potential_no_prior,1,2,2,ok,0.32976293563842773,0.8671215262991616,1.1064809548788153,0.8497700298872928,1.1217040512732173,95.0,16321.0
potential_no_prior,2,2,0,ok,0.20151710510253906,0.9007006684633663,1.1927742569078272,0.9586887883086446,1.2172439175325844,35.0,16321.0
potential_no_prior,2,2,1,ok,0.19603395462036133,0.8558685692986177,1.1496393034287054,0.8190653308655853,1.080522447397416,30.0,16321.0
potential_no_prior,2,2,2,ok,0.2224869728088379,0.8908058104226457,1.1367944282799625,0.9020066900217241,1.1634312466706838,50.0,16321.0
tabm,0,2,0,ok,3.8578460216522217,0.645512712249772,0.7796273170557038,0.7072441780658999,0.888312804133743,465.0,36088.0
tabm,0,2,1,ok,3.83477783203125,0.6649475163183161,0.7923276548183202,0.7348799609451089,0.9030727196985296,485.0,36088.0
tabm,0,2,2,ok,3.944317102432251,0.6089924550141537,0.730985821858124,0.6650777423467875,0.8322905464965089,470.0,36088.0
tabm,1,2,0,ok,1.5267410278320312,0.6372518614321143,0.7748749607388737,0.71179506482353,0.8917448455494181,165.0,36088.0
tabm,1,2,1,ok,1.9810171127319336,0.6045163072168367,0.7305315281189103,0.6846311380649394,0.8401385902981122,230.0,36088.0
tabm,1,2,2,ok,2.0921101570129395,0.6160061318654355,0.7424796423361965,0.68142654164466,0.861302581574703,245.0,36088.0
tabm,2,2,0,ok,1.5526189804077148,0.6062097189423329,0.7279618744270329,0.6966757382564502,0.8421106598187618,180.0,36088.0
tabm,2,2,1,ok,1.236475944519043,0.6010729610240138,0.7392810265691234,0.6927454187321025,0.8610764679343296,125.0,36088.0
tabm,2,2,2,ok,1.4761898517608643,0.5777209111505466,0.70365222022357,0.6564200787932019,0.8218443850259765,160.0,36088.0
tabm_embedded,0,2,0,ok,15.298518180847168,0.5773654969716451,0.737344539441485,0.606400683190697,0.7800186082962073,400.0,222696.0
tabm_embedded,0,2,1,ok,12.363625049591064,0.7196262420359807,0.8815572077877631,0.7859925055860741,0.9907352448236222,335.0,222696.0
tabm_embedded,0,2,2,ok,17.11243486404419,0.5846120105815289,0.7324316852571494,0.5959386316636692,0.7639161730255462,490.0,222696.0
tabm_embedded,1,2,0,ok,12.235942125320435,0.5811332931833165,0.7347836066255148,0.6314678227365617,0.7951526850167192,285.0,222696.0
tabm_embedded,1,2,1,ok,7.968883991241455,0.7056917117420054,0.8681158836430417,0.7719838688084557,0.9642404757621501,170.0,222696.0
tabm_embedded,1,2,2,ok,11.108508825302124,0.6645165467343783,0.8001714344694519,0.6947654565370989,0.8371285800415968,245.0,222696.0
tabm_embedded,2,2,0,ok,10.441709041595459,0.5989918043636353,0.7408661776785277,0.6364779129455762,0.7767842018768415,260.0,222696.0
tabm_embedded,2,2,1,ok,10.834954023361206,0.5888971545012094,0.7466940746102092,0.6098576184849419,0.7682385478394417,225.0,222696.0
tabm_embedded,2,2,2,ok,10.845008850097656,0.5858044390075388,0.7450347625950535,0.6088946003062211,0.7704316156455712,295.0,222696.0
embedded_potential,0,2,0,ok,4.825438976287842,1.2373409893681941,1.520100743526331,1.2317425642542266,1.499077523107194,70.0,83199.0
embedded_potential,0,2,1,ok,3.558450937271118,1.1153902961913935,1.4179789983593996,1.187245389992534,1.4969726735126039,80.0,83199.0
embedded_potential,0,2,2,ok,14.635258913040161,0.8983320693840028,1.0334288432481644,1.0473956471640335,1.2361070430537344,475.0,83199.0
embedded_potential,1,2,0,ok,2.8104028701782227,1.2065987209446476,1.4858652605275002,1.267901545456393,1.5733575417705972,35.0,83199.0
embedded_potential,1,2,1,ok,6.042627811431885,0.9068085784925907,1.0483661006834972,1.0680165166025115,1.3087631686543804,165.0,83199.0
embedded_potential,1,2,2,ok,5.697484016418457,0.9307151961487103,1.0738914509866815,1.0841008725154793,1.269029486228836,105.0,83199.0
embedded_potential,2,2,0,ok,2.574202060699463,1.0276016206118008,1.427506200609108,0.8554748604779159,1.1832281044149895,20.0,83199.0
embedded_potential,2,2,1,ok,3.3668410778045654,1.031614641970312,1.1754963080546585,1.1844295250907568,1.5023027693346087,60.0,83199.0
embedded_potential,2,2,2,ok,5.811629056930542,0.7315231943409417,0.8565911713660923,0.6811420182912716,0.8174457984075012,140.0,83199.0
