model,config,fold,seed,status,seconds,cell_mae_pp,cell_rmse_pp,pooled_mae_pp,pooled_rmse_pp,best_epoch,parameters
capacity_joint,0,0,0,ok,5.529041051864624,0.6815382513003031,0.8547191360336243,0.6901995284193734,0.8743980292671814,495,21216
capacity_joint,0,0,1,ok,3.860701322555542,0.7849562868581493,1.0013703248535257,0.8003552192304059,1.0188099121064147,345,21216
capacity_joint,0,0,2,ok,5.112792015075684,0.6915926033646643,0.882534786551247,0.690683820196151,0.907618026388817,500,21216
capacity_joint,1,0,0,ok,3.64164400100708,0.5777598486605268,0.7120977843312989,0.5363233736260659,0.6788219048584053,295,21216
capacity_joint,1,0,1,ok,2.5888140201568604,0.7648704548611576,0.9086943339523328,0.7427681463330303,0.8852470899743237,225,21216
capacity_joint,1,0,2,ok,4.167593955993652,0.5848080771957923,0.7191776901082657,0.49968213625066354,0.6457818661679235,435,21216
capacity_joint,2,0,0,ok,1.349484920501709,0.6049353384763982,0.7971832737132816,0.5633772010654541,0.7676732263983161,100,21216
capacity_joint,2,0,1,ok,1.38151216506958,0.6370760798629859,0.8122016072505056,0.6061042110047774,0.7825599756469486,105,21216
capacity_joint,2,0,2,ok,1.4588298797607422,0.5936542661396607,0.7903849931512045,0.5486011444770851,0.7555853035277744,110,21216
capacity_absolute_only,0,0,0,ok,3.74908709526062,0.8101768844318007,0.9740377061345838,0.7783518297324833,0.9428765896075859,385,21216
capacity_absolute_only,0,0,1,ok,4.5484490394592285,0.833817455980905,0.9660651456581716,0.804378522656275,0.9484080203881345,500,21216
capacity_absolute_only,0,0,2,ok,4.624917984008789,0.7374616855222005,0.8744282588739661,0.7385865766306364,0.879574217731453,445,21216
capacity_absolute_only,1,0,0,ok,3.021519899368286,0.7213007297903358,0.8429390325430661,0.6176951563970327,0.735306805275523,310,21216
capacity_absolute_only,1,0,1,ok,2.355020046234131,0.8214059059489495,0.9592219902394215,0.7810776985253978,0.9341462042083452,185,21216
capacity_absolute_only,1,0,2,ok,2.6500461101531982,0.7366607221030982,0.8569406894494429,0.6908746944590218,0.8115394945972401,195,21216
capacity_absolute_only,2,0,0,ok,2.4464309215545654,0.6262932835400645,0.7721749684214391,0.5004420789624714,0.6394106739489147,195,21216
capacity_absolute_only,2,0,1,ok,1.7718119621276855,0.62080494608714,0.7683391510728945,0.5294811421822591,0.6748869325631746,120,21216
capacity_absolute_only,2,0,2,ok,2.127903938293457,0.702476306175136,0.8363490364701391,0.6193509808029725,0.7390730087559227,160,21216
capacity_relative_only,0,0,0,ok,4.990663051605225,0.6695003789750658,0.8465815443624642,0.6872659415740738,0.895925320785801,500,21216
capacity_relative_only,0,0,1,ok,5.739064931869507,0.68987739778227,0.8574718375802685,0.7102839225911161,0.900105649944437,500,21216
capacity_relative_only,0,0,2,ok,5.4944798946380615,0.7276941466365023,0.9367135594658843,0.7318938081907372,0.9740787029916633,500,21216
capacity_relative_only,1,0,0,ok,4.148684024810791,0.5135743491665191,0.6249874352091768,0.5191858252837931,0.6635951459600514,355,21216
capacity_relative_only,1,0,1,ok,5.62715482711792,0.6267082445287234,0.7186477817278819,0.6406550126108694,0.7714311194568064,390,21216
capacity_relative_only,1,0,2,ok,5.77192497253418,0.509966377572448,0.6137249530490086,0.5126834248506587,0.6392767209901292,465,21216
capacity_relative_only,2,0,0,ok,4.579607963562012,0.5022548650464503,0.5895306545169773,0.5100421598027061,0.6174454920455053,335,21216
capacity_relative_only,2,0,1,ok,3.863610029220581,0.5071160538050945,0.613872183219108,0.49144126188038,0.6180547969642418,240,21216
capacity_relative_only,2,0,2,ok,4.529487133026123,0.49242301625291846,0.6209894192456009,0.47662869984177203,0.6179527207151314,315,21216
capacity_joint,0,1,0,ok,4.038562059402466,1.3583910504186785,1.5666585634293586,1.4120544405877726,1.8172281952136837,200,21216
capacity_joint,0,1,1,ok,4.6913371086120605,1.3157507572882163,1.5490761660562484,1.3938116172845738,1.7974403380515036,215,21216
capacity_joint,0,1,2,ok,3.7409048080444336,1.3380816940039513,1.5753873754282244,1.4081641616421203,1.7911283707984835,210,21216
capacity_joint,1,1,0,ok,1.788996934890747,1.3208339834692413,1.5446058008534305,1.3938152692349772,1.796546280539807,75,21216
capacity_joint,1,1,1,ok,5.845716953277588,1.0194215252906456,1.1348931192742064,1.0284134041143937,1.277568806169548,395,21216
capacity_joint,1,1,2,ok,6.483388185501099,1.049287910226863,1.1542225422845132,1.0398250768505692,1.2715050241964927,495,21216
capacity_joint,2,1,0,ok,4.791524171829224,0.9336660366148132,1.080123898827228,0.8609483159181065,1.0960559672468935,245,21216
capacity_joint,2,1,1,ok,4.563833236694336,0.9550519841674016,1.0797296416259325,0.9311435426082938,1.1619839415379958,300,21216
capacity_joint,2,1,2,ok,4.643392086029053,0.9634255425272061,1.0984529603304816,0.911195188391257,1.1464841460200341,305,21216
capacity_absolute_only,0,1,0,ok,6.289955139160156,1.1579019313533108,1.3074641371465263,0.9589949391321453,1.2008117553750666,500,21216
capacity_absolute_only,0,1,1,ok,6.399598121643066,1.0173011306297612,1.1861589246128026,0.96061485459659,1.2218541353074888,500,21216
capacity_absolute_only,0,1,2,ok,6.029670715332031,1.0273810209172585,1.221681047547161,0.9498907078768333,1.2031335682928126,500,21216
capacity_absolute_only,1,1,0,ok,4.340012788772583,0.8801662580062434,1.030329881112026,0.7578623788895654,0.9513853309060405,290,21216
capacity_absolute_only,1,1,1,ok,2.8331470489501953,0.9509421143350824,1.128994692974982,0.9151627158892035,1.156331509827584,170,21216
capacity_absolute_only,1,1,2,ok,4.728790044784546,0.8640922143239859,1.0338932207549913,0.8188067795473194,1.020931314878178,285,21216
capacity_absolute_only,2,1,0,ok,4.631089925765991,0.8278264295035674,0.9665379420505772,0.7553320789788791,0.9358288605303541,250,21216
capacity_absolute_only,2,1,1,ok,3.1531028747558594,0.9271063734479313,1.064073657902577,0.8474276871273395,1.0353697464850737,185,21216
capacity_absolute_only,2,1,2,ok,3.032968759536743,0.8568901198881475,1.0454581005409145,0.7843881883198905,1.0053169135158107,155,21216
capacity_relative_only,0,1,0,ok,6.496245622634888,1.171569104720621,1.310114481453632,1.0907690298518729,1.374129795242873,500,21216
capacity_relative_only,0,1,1,ok,2.035429000854492,1.7165786890786123,2.1065055231521215,1.586578782197962,2.027671915289026,95,21216
capacity_relative_only,0,1,2,ok,2.1813509464263916,1.6529960023669796,2.002283033996459,1.518849076655808,1.9680973752263708,115,21216
capacity_relative_only,1,1,0,ok,4.648971080780029,1.0527352574999405,1.1589747688498087,0.9793497790657716,1.2195280665242698,315,21216
capacity_relative_only,1,1,1,ok,5.270134925842285,1.26129002810609,1.3461962948515618,1.0551968454055873,1.2803954540086933,370,21216
capacity_relative_only,1,1,2,ok,5.752765893936157,1.1619023761055298,1.2633871018391527,1.0590947944584745,1.2814456570308848,345,21216
capacity_relative_only,2,1,0,ok,2.957296848297119,1.0739888111805684,1.2053585008728176,0.8789145907570471,1.1140904805010103,140,21216
capacity_relative_only,2,1,1,ok,3.543177843093872,1.0499400467222535,1.1530794195976186,0.9705905880138803,1.1951267144095097,195,21216
capacity_relative_only,2,1,2,ok,2.4761321544647217,1.119280142201155,1.249564755555059,0.9741141211861707,1.210556249270859,130,21216
capacity_joint,0,2,0,ok,5.210821866989136,0.7928454008434374,1.1110784553854314,0.7347644618654278,0.985560120519552,325,21216
capacity_joint,0,2,1,ok,5.929091930389404,0.7730209432330801,1.0815116475505469,0.7105397210216163,0.9535223252560884,335,21216
capacity_joint,0,2,2,ok,6.015568256378174,0.7788682042459439,1.0734943801892995,0.7532537731935524,0.9974944988654852,355,21216
capacity_joint,1,2,0,ok,2.823422908782959,0.8180969394885638,1.116188589429044,0.7931207645855196,1.0355422166268888,120,21216
capacity_joint,1,2,1,ok,2.6710572242736816,0.7915484659033782,1.0967393198893531,0.7471161657928549,0.9878483334641389,120,21216
capacity_joint,1,2,2,ok,2.9357311725616455,0.8039549303339546,1.0911080029916933,0.7852830086920345,1.027369823633335,120,21216
capacity_joint,2,2,0,ok,1.6211919784545898,0.8230506177959054,1.1072768091995184,0.8161704833925847,1.060665177103274,65,21216
capacity_joint,2,2,1,ok,2.209688901901245,0.8158779520100843,1.1209542678953262,0.7874656528579849,1.030564938908374,60,21216
capacity_joint,2,2,2,ok,1.8523998260498047,0.7910579778521669,1.0692703173452105,0.7951553240002966,1.0500666310815463,70,21216
capacity_absolute_only,0,2,0,ok,8.79491400718689,0.912031848954314,1.174800333013673,0.9825676696152308,1.2246127800419602,490,21216
capacity_absolute_only,0,2,1,ok,5.672098875045776,0.9214803416919348,1.2163267917463065,0.9163961799968187,1.148387507588874,305,21216
capacity_absolute_only,0,2,2,ok,7.747615098953247,0.8680386102009321,1.141550378784989,0.9450845965168038,1.2120943844816403,500,21216
capacity_absolute_only,1,2,0,ok,5.425489902496338,0.8792013510452649,1.1287823492360654,0.9359725143143357,1.2209934621566636,260,21216
capacity_absolute_only,1,2,1,ok,2.888709783554077,0.893510665660834,1.1755388183569795,0.9509735485438903,1.2075643352616086,145,21216
capacity_absolute_only,1,2,2,ok,6.215430021286011,0.8368657095005629,1.0638067425322193,0.8440553054159914,1.1377588011819915,495,21216
capacity_absolute_only,2,2,0,ok,2.1010830402374268,0.8864559624051246,1.1570157341085072,0.941137854364146,1.222283674652666,115,21216
capacity_absolute_only,2,2,1,ok,5.068819761276245,0.8141645939232102,1.0740453625315038,0.8133054981005434,1.1152837240137672,290,21216
capacity_absolute_only,2,2,2,ok,4.183217763900757,0.8026677795092709,1.0557028616583828,0.7920621144582188,1.0856250823648217,225,21216
capacity_relative_only,0,2,0,ok,6.5863001346588135,0.7356186913851969,0.9529516114571797,0.7557623685826395,0.9877732193741607,500,21216
capacity_relative_only,0,2,1,ok,6.368454933166504,0.7000217252968688,0.9148006145338332,0.7051739474181643,0.919426064440968,500,21216
capacity_relative_only,0,2,2,ok,7.215068101882935,0.7444452028653039,0.9652215867051922,0.7381331519175542,0.9613377449170358,500,21216
capacity_relative_only,1,2,0,ok,6.528004884719849,0.6378116235104234,0.7822243459778211,0.6517628276903636,0.8204190623961088,420,21216
capacity_relative_only,1,2,1,ok,7.347416162490845,0.6449797933189003,0.7840173534196775,0.6646428291610624,0.8291037613457047,495,21216
capacity_relative_only,1,2,2,ok,5.641206979751587,0.6357843835972776,0.789271948515535,0.6285500023518023,0.8150960995833377,445,21216
capacity_relative_only,2,2,0,ok,2.8754637241363525,0.630725301747937,0.8050172495576025,0.6108786650060946,0.8206112202143339,200,21216
capacity_relative_only,2,2,1,ok,3.5121190547943115,0.6281745521950493,0.7890285428743606,0.6102802584271153,0.7877032224056412,280,21216
capacity_relative_only,2,2,2,ok,2.601600170135498,0.622348461794608,0.800734171964784,0.5810755680458646,0.7980821510750701,200,21216
